fever,cough,headache,fatigue,body_pain,shortness_of_breath,diarrhea,runny_nose,sore_throat,loss_of_taste_or_smell,nausea,vomiting,chest_pain,skin_rash,joint_pain,dizziness,chills,abdominal_pain,confusion,swelling,blurred_vision,increased_thirst,weight_loss,night_sweats,loss_of_appetite,muscle_weakness,tremors,seizures,jaundice,swollen_lymph_nodes,palpitations,numbness_or_tingling,difficulty_swallowing,bruising_easily,hair_loss,dry_mouth,frequent_urination,vision_loss,hearing_loss,itching,constipation,memory_loss,bone_pain,irregular_heartbeat,wheezing,sensitivity_to_light,sensitivity_to_sound,muscle_cramps,stiff_neck,excessive_sweating,blood_in_urine,blood_in_stool,mouth_ulcers,joint_swelling,balance_problems,slurred_speech,personality_changes,sleep_disturbances,pale_skin,cold_intolerance,heat_intolerance,swollen_glands,abnormal_bleeding,dark_urine,clay_colored_stools,tingling_in_extremities,eye_pain,tinnitus,swollen_abdomen,difficulty_concentrating,abnormal_weight_gain,chronic_cough,muscle_stiffness,disease,medication,nutrition,advice
1,1,0,1,0,0,0,1,1,0,0,0,0,0,1,1,1,0,0,0,0,0,0,1,0,1,0,0,0,0,0,0,0,0,0,0,0,0,0,0,0,0,0,0,0,0,0,0,0,0,0,0,0,0,0,0,0,0,0,0,0,0,0,0,0,0,0,0,0,0,0,0,0,Flu,"Paracetamol, rest, fluids","Vitamin C, Zinc, Warm fluids","you should go for Flu Test, and consult a General Practitioner. Preventive measures include rest and drinking fluids."
1,0,1,1,1,0,0,0,0,0,0,0,0,0,0,0,0,0,1,0,1,0,0,0,0,0,0,0,0,0,0,0,0,0,0,0,0,0,0,0,0,0,0,0,0,1,1,0,0,0,0,0,0,0,0,0,0,0,0,0,0,0,0,0,0,0,1,0,0,0,0,0,0,Migraine,"Ibuprofen, sleep, hydration","Magnesium, Omega-3s, Hydrating foods","you should consider a CT Scan or Blood Test, and consult a Neurologist. Preventive measures include regular sleep and stress management."
0,1,1,1,0,1,0,1,1,0,0,0,0,0,0,0,1,0,0,0,0,0,0,1,0,1,0,0,0,0,0,0,0,0,0,0,0,0,0,0,0,0,0,0,0,0,0,0,0,0,0,0,0,0,0,0,0,0,0,0,0,0,0,0,0,0,0,0,0,0,0,0,0,Cold,"Paracetamol, rest, fluids","Vitamin C, Zinc, Warm fluids","you should have a Rapid Influenza Diagnostic Test, and consult a Primary Care Physician. Stay hydrated and rest."
1,1,1,1,1,1,0,1,1,0,0,0,1,0,1,0,1,1,0,0,0,0,0,1,0,0,0,0,0,0,0,0,0,0,0,0,0,0,0,0,0,0,0,0,0,0,0,0,0,0,0,0,0,0,0,0,0,0,0,0,0,0,0,0,0,0,0,0,0,0,0,1,0,Pneumonia,"Antibiotics (prescribed), acetaminophen","Protein, Vitamin A, Warm soups","you should get a Chest X-ray and Blood Test, and consult a Pulmonologist. Vaccination and avoiding smoke are recommended."
0,0,1,1,1,0,0,0,0,0,1,0,0,0,0,0,0,0,1,0,1,0,0,0,0,0,0,0,0,0,0,0,0,0,0,0,0,0,0,0,0,0,0,0,0,1,1,0,1,0,0,0,0,0,0,0,0,1,0,0,0,0,0,0,0,0,1,0,0,1,0,0,0,Migraine,"Ibuprofen, sleep, hydration","Magnesium, Omega-3s, Hydrating foods","consider an MRI Scan or Blood Test, and see a Neurologist. Avoid triggers and ensure regular sleep."
1,1,1,0,1,0,1,1,1,0,0,0,0,0,0,0,1,0,0,0,0,0,0,1,0,1,0,0,0,0,0,0,0,0,0,0,0,0,0,0,0,0,0,0,0,0,0,0,0,0,0,0,0,0,0,0,0,0,0,0,0,0,0,0,0,0,1,0,0,0,0,0,0,Influenza,"Paracetamol, rest, fluids","Vitamin C, Zinc, Warm fluids","consider a Flu Test and Chest X-ray, and see a Family Doctor. Get vaccinated and ensure adequate rest."
0,1,1,1,0,1,0,1,1,0,0,0,0,0,0,0,0,0,0,0,0,0,0,0,0,0,0,0,0,0,0,0,0,0,0,0,0,0,0,0,0,0,0,0,1,0,0,0,0,0,0,0,0,0,0,0,0,0,0,0,0,0,0,0,0,0,0,0,0,0,0,0,0,Bronchitis,"Cough syrup, steam inhalation","Balanced diet, Hydration, Multivitamins","you should have a Chest X-ray and Sputum Test, and consult a Pulmonologist. Quit smoking and use a humidifier."
1,0,0,0,1,0,0,0,1,0,0,0,1,0,0,0,0,0,0,0,0,0,0,0,0,0,0,0,0,0,0,0,0,0,0,0,0,0,0,0,0,0,0,0,0,0,0,0,0,0,0,0,0,0,0,0,0,0,0,0,0,0,0,0,0,0,0,0,0,0,0,0,0,Dengue,"Paracetamol, oral rehydration salts","Papaya leaf extract, Fluids, Iron-rich foods",get a Dengue NS1 Antigen Test and see an Infectious Disease Specialist. Avoid mosquito bites.
1,1,1,1,1,1,0,1,1,1,1,1,1,0,1,0,1,0,1,0,0,0,0,0,1,0,0,0,0,0,0,0,0,0,0,1,0,0,0,0,0,0,0,0,0,0,0,0,0,0,0,0,0,0,0,0,0,0,0,0,0,0,0,0,0,0,0,0,0,0,0,0,0,COVID-19,"Paracetamol, rest, hydration","Vitamin D, Zinc, Fluids","you should get a PCR Test and Antigen Test, and consult an Infectious Disease Specialist. Vaccination and wearing masks are recommended."
1,0,0,1,0,1,0,1,1,0,0,0,1,0,0,0,0,0,0,1,0,0,0,0,0,0,0,0,0,0,0,0,0,0,0,0,0,0,0,0,0,0,0,0,1,0,0,0,0,0,0,0,0,0,0,0,0,0,0,0,0,0,0,0,0,0,0,0,0,0,0,1,0,Asthma,Salbutamol inhaler,"Balanced diet, Hydration, Multivitamins","you should consider a Lung Function Test, and consult a Pulmonologist. Avoid allergens and use inhalers."
0,0,0,1,0,0,1,0,0,0,1,1,0,0,0,0,0,0,0,0,0,0,0,1,0,1,0,0,0,0,0,0,0,0,0,0,0,0,0,0,0,0,0,0,0,0,0,0,0,0,0,0,0,0,0,0,0,0,0,0,0,0,0,0,0,0,0,0,0,0,0,0,0,Stomach Flu,"Paracetamol, rest, fluids","Vitamin C, Zinc, Warm fluids","you should get a Stool Test, and consult a Gastroenterologist. Stay hydrated and avoid dairy."
1,0,0,1,1,0,0,0,0,0,0,0,0,0,0,0,0,0,0,0,0,0,0,0,0,0,0,0,0,0,0,0,0,0,0,0,0,0,0,0,0,0,0,0,0,0,0,0,0,0,0,0,0,0,0,0,0,0,0,0,0,0,0,0,0,0,0,0,0,0,0,0,0,Chickenpox,"Calamine lotion, antihistamines","Balanced diet, Hydration, Multivitamins","you should have a PCR Test or Blood Test, and see a Pediatrician. Vaccination is recommended."
0,0,0,1,1,0,0,0,0,0,1,1,0,0,1,0,0,0,0,0,1,0,0,0,0,0,0,0,0,0,0,0,0,0,0,0,0,0,0,0,0,0,0,0,0,0,0,0,0,0,0,0,0,0,0,0,0,0,0,0,0,0,0,0,0,0,0,0,0,0,0,0,0,Food Poisoning,"ORS, activated charcoal","Balanced diet, Hydration, Multivitamins","consider a Stool Culture, and consult a Gastroenterologist. Stay hydrated and rest."
1,0,0,1,0,0,0,0,0,0,0,0,0,0,0,0,0,0,1,1,0,0,0,0,0,0,0,0,0,0,0,0,0,0,0,0,0,0,0,0,0,0,0,0,0,0,0,0,0,0,0,0,0,0,0,0,0,0,0,0,0,0,0,0,0,0,0,0,0,0,0,0,0,Malaria,Antimalarial tablets (chloroquine),"Balanced diet, Hydration, Multivitamins",you should have a Blood Test and see an Infectious Disease Specialist. Use mosquito nets.
0,0,1,1,0,0,0,0,0,0,0,0,1,0,0,0,0,0,0,0,0,0,0,0,0,0,0,0,0,0,0,0,0,0,0,0,0,0,0,0,0,0,0,0,0,0,0,0,0,0,0,0,0,0,0,0,0,0,0,0,0,0,0,0,0,0,0,0,0,0,0,0,0,Heart Attack,"Aspirin (emergency), nitroglycerin","Balanced diet, Hydration, Multivitamins","you should get an ECG and Blood Test, and consult a Cardiologist. Regular checkups and a healthy diet are important."
1,1,0,1,0,1,0,1,1,0,0,0,1,0,0,0,0,0,0,0,0,0,0,0,0,0,0,0,0,0,0,0,0,0,0,0,0,0,0,0,0,0,0,0,0,0,0,0,0,0,0,0,0,0,0,0,0,0,0,0,0,0,0,0,0,0,0,0,0,0,0,0,0,Tuberculosis,Anti-TB medication (prescribed),"Balanced diet, Hydration, Multivitamins","you should have a Chest X-ray and Sputum Test, and see a Pulmonologist. Vaccination and avoiding crowded places are recommended."
1,1,0,0,1,0,0,1,1,0,0,0,0,0,0,0,0,0,0,0,1,0,0,0,0,0,0,0,0,0,0,0,0,0,0,0,0,0,0,0,0,0,0,0,0,0,0,0,0,0,0,0,0,0,0,0,0,0,0,0,0,0,0,0,0,0,0,0,0,0,0,0,0,Whooping Cough,Cough suppressants,"Balanced diet, Hydration, Multivitamins","you should get a PCR Test, and consult a Pediatrician. Vaccination is important."
1,1,0,0,1,0,0,1,0,0,0,0,1,0,0,0,0,0,0,0,0,0,1,0,0,0,0,0,0,0,0,0,0,0,0,0,0,0,0,0,0,0,0,0,0,0,0,0,0,0,0,0,0,0,0,0,0,0,0,0,0,0,0,0,0,0,0,0,0,0,0,0,0,Lung Cancer,Prescribed chemotherapy or radiation,"Balanced diet, Hydration, Multivitamins","consider a Chest X-ray and CT Scan, and see an Oncologist. Regular checkups and avoiding smoking are essential."
1,0,0,1,0,0,0,0,0,0,0,0,0,0,0,0,0,0,0,0,0,0,0,0,0,0,0,0,0,0,0,0,0,0,0,0,0,0,0,0,0,0,0,0,0,0,0,0,0,0,0,0,0,0,0,0,0,0,0,0,0,0,0,0,0,0,0,0,0,0,0,0,0,Typhoid Fever,"Ciprofloxacin (prescribed), ORS","Balanced diet, Hydration, Multivitamins",you should have a Blood Culture and consult an Infectious Disease Specialist. Vaccination and hygiene are crucial.
0,1,1,0,0,0,0,1,0,0,0,0,0,0,1,0,0,0,0,0,0,0,0,0,0,0,0,0,0,0,0,0,0,0,0,0,0,0,0,0,0,0,0,0,0,0,0,0,0,0,0,0,0,0,0,0,0,0,0,0,0,0,0,0,0,0,0,0,0,0,0,0,0,Sinus Infection,"Decongestants, nasal spray","Balanced diet, Hydration, Multivitamins","consider a Nasal Endoscopy, and see an ENT Specialist. Steam inhalation and staying hydrated are beneficial."
0,1,1,0,1,1,1,1,1,0,1,1,1,0,0,0,0,0,0,0,0,0,0,0,0,0,0,0,0,0,0,0,0,0,0,0,0,0,0,0,0,0,0,0,0,0,0,0,0,0,0,0,0,0,0,0,0,0,0,0,0,0,0,0,0,0,0,0,0,0,0,0,0,Cholera,"ORS, zinc tablets","Balanced diet, Hydration, Multivitamins","you should get a Stool Culture and Blood Test, and consult an Infectious Disease Specialist. Vaccination and hygiene are essential."
0,1,0,1,0,1,1,1,0,1,1,0,0,0,0,0,0,0,0,0,0,0,0,0,0,0,0,0,0,0,0,0,0,0,0,0,0,0,0,0,0,0,0,0,0,0,0,0,0,0,0,0,0,0,0,0,0,0,0,0,0,0,0,0,0,0,0,0,0,0,0,0,0,Meningitis,Antibiotics (prescribed),"Balanced diet, Hydration, Multivitamins","you should have a Lumbar Puncture, and see a Neurologist. Vaccination and good hygiene are important."
0,0,0,1,1,1,1,1,1,0,1,0,1,0,0,0,0,0,0,0,0,0,0,0,0,0,0,0,0,0,0,0,0,0,0,0,0,0,0,0,0,0,0,0,0,0,0,0,0,0,0,0,0,0,0,0,0,0,0,0,0,0,0,0,0,0,0,0,0,0,0,0,0,Measles,"Vitamin A, fever reducers","Balanced diet, Hydration, Multivitamins","you should have a Blood Test, and consult a Pediatrician. Vaccination and good hygiene are crucial."
1,1,0,0,0,1,1,0,1,1,0,1,1,0,0,1,0,0,0,0,0,1,0,0,0,0,0,0,0,0,0,0,0,1,1,0,0,0,0,0,0,0,1,0,0,0,0,1,0,0,0,0,1,1,0,0,0,0,0,0,0,0,1,0,0,1,0,0,0,0,0,0,0,Lupus,"NSAIDs, corticosteroids","Balanced diet, Hydration, Multivitamins","consider Blood Tests and Biopsy, and see a Rheumatologist. Regular checkups and medication are important."
1,1,1,1,1,0,0,0,1,0,0,1,0,0,0,0,0,0,0,0,0,0,0,0,0,0,0,0,1,0,0,0,0,1,0,0,0,0,0,0,0,0,0,0,0,0,0,0,0,0,0,0,0,0,0,0,1,0,0,0,0,0,1,1,1,0,0,0,1,0,0,0,0,Hepatitis A,Consult pharmacist or physician,"Balanced diet, Hydration, Multivitamins","you should get a Blood Test, and consult a Gastroenterologist. Vaccination and good hygiene are crucial."
1,0,1,0,1,0,0,1,1,0,0,1,0,0,0,0,0,0,1,0,0,0,0,0,0,0,0,0,1,0,0,0,0,0,0,0,0,0,0,0,0,0,0,0,0,0,0,0,0,0,0,0,0,0,0,0,1,0,0,0,0,0,0,1,1,0,0,0,0,0,0,0,0,Hepatitis B,Consult pharmacist or physician,"Balanced diet, Hydration, Multivitamins","you should have a Blood Test, and see a Gastroenterologist. Vaccination and avoiding unprotected sex are vital."
1,0,0,0,1,0,0,1,0,1,0,1,1,0,0,0,0,0,0,0,0,0,0,0,0,0,0,0,1,0,0,0,0,0,0,0,0,0,0,0,0,0,0,0,0,0,0,0,0,0,0,0,0,0,0,0,0,0,0,0,0,0,0,1,1,0,0,0,0,0,0,0,0,Hepatitis C,Consult pharmacist or physician,"Balanced diet, Hydration, Multivitamins","you should consider a Blood Test, and consult a Gastroenterologist. Vaccination and avoiding sharing needles are important."
1,0,0,0,1,1,0,0,0,0,1,0,0,0,0,0,0,0,0,1,0,0,0,0,0,0,0,0,0,0,0,0,0,0,0,0,0,0,0,0,0,0,0,0,0,0,0,0,0,0,0,0,0,0,0,0,0,0,0,0,0,0,0,0,0,0,0,0,0,0,0,0,0,Scarlet Fever,Consult pharmacist or physician,"Balanced diet, Hydration, Multivitamins","consider a Throat Culture, and see a Pediatrician. Vaccination and good hygiene are essential."
1,1,0,1,0,1,1,0,1,0,0,1,0,0,0,0,0,0,0,0,0,0,0,0,0,0,0,0,0,0,0,0,0,0,0,0,0,0,0,0,0,0,0,0,0,0,0,0,0,0,0,0,0,0,0,0,0,0,0,0,0,0,0,0,0,0,0,0,0,0,0,0,0,Typhus,Consult pharmacist or physician,"Balanced diet, Hydration, Multivitamins","you should have a Blood Test, and consult an Infectious Disease Specialist. Good hygiene and regular checkups are recommended."
0,0,0,1,0,0,1,0,0,0,0,1,1,0,0,0,0,0,0,0,0,0,0,0,0,0,0,0,0,0,0,0,0,0,0,0,0,0,0,0,0,0,0,0,0,0,0,0,0,0,0,0,0,0,0,0,0,0,0,0,0,0,0,0,0,0,0,0,0,0,0,0,0,Yellow Fever,Consult pharmacist or physician,"Balanced diet, Hydration, Multivitamins","consider a Blood Test, and see an Infectious Disease Specialist. Vaccination and avoiding mosquito bites are crucial."
0,0,1,0,0,1,1,0,1,1,1,0,1,0,0,0,0,0,0,0,0,0,0,0,0,0,0,0,0,0,0,0,0,0,0,0,0,0,0,0,0,0,0,0,0,0,0,0,0,0,0,0,0,0,0,0,0,0,0,0,0,0,0,0,0,0,0,0,0,0,0,0,0,Zika Virus,Consult pharmacist or physician,"Balanced diet, Hydration, Multivitamins","you should have a Blood Test, and consult an Infectious Disease Specialist. Avoid mosquito bites and maintain good hygiene."
1,0,1,0,1,1,1,0,1,0,1,0,0,0,0,0,0,0,0,0,1,0,0,0,0,0,0,0,0,0,0,0,0,0,0,0,0,0,0,0,0,0,0,0,0,0,0,0,0,0,0,0,0,0,0,0,0,0,0,0,0,0,0,0,0,0,0,0,0,0,0,0,0,Mumps,Consult pharmacist or physician,"Balanced diet, Hydration, Multivitamins","consider a Blood Test, and see a Pediatrician. Vaccination is essential."
1,0,1,1,1,1,0,0,0,0,0,0,0,0,0,0,0,1,0,0,0,0,0,0,0,0,0,0,0,0,0,0,0,0,0,0,0,0,0,0,0,0,0,0,0,0,0,0,0,0,0,0,0,0,0,0,0,0,0,0,0,0,0,0,0,0,0,0,0,0,0,0,0,Rubella,Consult pharmacist or physician,"Balanced diet, Hydration, Multivitamins","you should have a Blood Test, and consult a Pediatrician. Vaccination is important."
0,0,0,0,0,0,1,1,0,0,0,1,0,0,0,0,0,0,0,0,0,0,0,0,0,0,0,0,0,0,0,0,0,0,0,0,0,0,0,0,0,0,0,0,0,0,0,0,0,0,0,0,0,0,0,0,0,0,0,0,0,0,0,0,0,0,0,0,0,0,0,0,0,Ebola,Consult pharmacist or physician,"Balanced diet, Hydration, Multivitamins","you should consider a Blood Test, and consult an Infectious Disease Specialist. Avoid contact and wear protective gear."
1,1,0,1,0,1,0,1,1,1,1,1,1,0,0,0,0,0,0,0,0,0,0,0,0,0,0,0,0,0,0,0,0,0,0,0,0,0,0,0,0,0,0,0,0,0,0,0,0,0,0,0,0,0,0,0,0,0,0,0,0,0,0,0,0,0,0,0,0,0,0,0,0,Rabies,Consult pharmacist or physician,"Balanced diet, Hydration, Multivitamins","you should have a Rabies Vaccination, and consult a Veterinarian. Vaccination and avoiding animal bites are crucial."
0,0,1,0,1,0,0,1,0,1,1,1,1,0,0,0,0,0,0,0,0,0,0,0,0,0,0,0,0,0,0,0,0,0,0,0,0,0,0,0,0,0,0,0,0,0,0,0,0,0,0,0,0,0,0,0,0,0,0,0,0,0,0,0,0,0,0,0,0,0,0,0,0,Polio,Consult pharmacist or physician,"Balanced diet, Hydration, Multivitamins","you should get a Blood Test, and consult a Pediatrician. Vaccination and good hygiene are vital."
1,0,1,1,1,0,0,0,1,1,0,0,0,0,0,0,0,0,0,1,1,0,0,0,0,0,0,0,0,0,0,0,0,0,0,0,0,0,0,0,0,0,0,0,0,0,0,0,0,0,0,0,0,0,0,0,0,0,0,0,0,0,0,0,0,0,0,0,0,0,0,0,0,Leprosy,Consult pharmacist or physician,"Balanced diet, Hydration, Multivitamins","consider a Skin Biopsy and Blood Test, and see a Dermatologist. Avoid contact and maintain good hygiene."
0,1,0,1,1,0,0,0,0,1,0,0,0,0,0,0,0,0,0,0,0,0,0,0,0,0,0,0,0,0,0,0,0,0,0,0,0,0,0,0,0,0,0,0,0,0,0,0,0,0,0,0,0,0,0,0,0,0,0,0,0,0,0,0,0,0,0,0,0,0,0,0,0,Anthrax,Consult pharmacist or physician,"Balanced diet, Hydration, Multivitamins","you should have a Blood Test and Chest X-ray, and consult an Infectious Disease Specialist. Avoid contact and maintain hygiene."
0,1,0,1,0,0,0,0,0,0,0,1,0,0,0,0,0,0,0,0,0,0,0,0,0,0,0,0,0,0,0,0,0,0,0,0,0,0,0,0,0,0,0,0,0,0,0,0,0,0,0,0,0,0,0,0,0,0,0,0,0,0,0,0,0,0,0,0,0,0,0,0,0,Smallpox,Consult pharmacist or physician,"Balanced diet, Hydration, Multivitamins","you should get Vaccination, and consult a Pediatrician. Vaccination and avoiding contact are crucial."
0,1,1,0,1,1,1,0,1,0,0,0,1,0,0,0,0,0,0,0,0,0,0,0,0,0,0,0,0,0,0,0,0,0,0,0,0,0,0,0,0,0,0,0,0,0,0,0,0,0,0,0,0,0,0,0,0,0,0,0,0,0,0,0,0,0,0,0,0,0,0,0,0,Chikungunya,Consult pharmacist or physician,"Balanced diet, Hydration, Multivitamins","you should have a Blood Test, and consult an Infectious Disease Specialist. Avoid mosquito bites and maintain good hygiene."
1,0,1,1,1,0,1,0,1,0,1,1,0,0,0,0,0,0,0,0,0,0,0,0,0,0,0,0,0,0,0,0,0,0,0,0,0,0,0,0,0,0,0,0,0,0,0,0,0,0,0,0,0,0,0,0,0,0,0,0,0,0,0,0,0,0,0,0,0,0,0,0,0,Plague,Consult pharmacist or physician,"Balanced diet, Hydration, Multivitamins","you should get a Blood Test and PCR Test, and consult an Infectious Disease Specialist. Avoid contact and maintain hygiene."
0,0,1,1,1,1,0,0,0,0,1,0,0,0,0,0,0,0,0,0,0,0,0,0,0,0,0,0,0,0,0,0,0,0,0,0,0,0,0,0,0,0,0,0,0,0,0,0,0,0,0,0,0,0,0,0,0,0,0,0,0,0,0,0,0,0,0,0,0,0,0,0,0,Tetanus,Consult pharmacist or physician,"Balanced diet, Hydration, Multivitamins","you should have a Wound Culture and Blood Test, and consult an Emergency Room. Vaccination and good hygiene are important."
0,0,1,1,1,1,1,1,0,0,0,0,1,0,0,0,1,0,0,0,0,0,0,0,0,0,0,0,0,0,0,0,0,0,0,0,0,0,0,0,0,0,0,0,0,0,0,0,0,0,0,0,0,0,0,0,0,0,0,0,0,0,0,0,0,0,0,0,0,0,0,0,0,Diphtheria,Consult pharmacist or physician,"Balanced diet, Hydration, Multivitamins","you should get a Throat Culture, and see a Pediatrician. Vaccination and good hygiene are essential."
1,1,0,0,1,0,0,1,1,1,0,0,1,0,0,0,0,0,0,0,1,0,1,0,0,0,0,0,0,0,0,0,0,0,0,0,0,0,0,0,0,0,0,0,0,0,0,0,0,0,0,0,0,0,0,0,0,0,0,0,0,0,0,0,0,0,0,0,0,0,0,0,0,Cholera,"ORS, zinc tablets","Balanced diet, Hydration, Multivitamins","you should consider a Stool Culture and Blood Test, and consult an Infectious Disease Specialist. Vaccination and hygiene are crucial."
0,0,1,1,0,1,0,0,1,0,0,0,1,1,0,0,0,0,0,0,1,0,0,0,0,0,0,0,0,0,0,0,0,0,0,0,0,0,0,0,0,0,0,0,0,0,0,0,0,0,0,0,0,0,0,0,0,0,0,0,0,0,0,0,0,0,0,0,0,0,0,0,0,Hantavirus,Consult pharmacist or physician,"Balanced diet, Hydration, Multivitamins","you should get a Blood Test, and consult an Infectious Disease Specialist. Avoid contact with rodents."
1,1,1,0,1,1,0,0,0,1,1,0,0,0,0,0,0,0,0,0,0,0,0,0,0,0,0,0,0,0,0,0,0,0,0,0,0,0,0,0,0,0,0,0,0,0,0,0,0,0,0,0,0,0,0,0,0,0,0,0,0,0,0,0,0,0,0,0,0,0,0,0,0,West Nile Virus,Consult pharmacist or physician,"Balanced diet, Hydration, Multivitamins","you should have a Blood Test, and consult an Infectious Disease Specialist. Avoid mosquito bites and maintain hygiene."
0,1,0,0,0,0,0,1,0,0,1,0,0,0,0,0,0,0,0,0,0,0,0,0,0,0,0,0,0,0,0,0,0,0,0,0,0,0,0,0,0,0,0,0,0,0,0,0,0,0,0,0,0,0,0,0,0,0,0,0,0,0,0,0,0,0,0,0,0,0,0,0,0,Lyme Disease,Consult pharmacist or physician,"Balanced diet, Hydration, Multivitamins","you should get a Blood Test, and consult an Infectious Disease Specialist. Avoid ticks and wear protective clothing."
0,1,0,1,1,0,1,0,0,0,1,1,1,0,0,0,0,0,0,0,0,0,0,0,0,0,0,0,0,0,0,0,0,0,0,0,0,0,0,0,0,0,0,0,0,0,0,0,0,0,0,0,0,0,0,0,0,0,0,0,0,0,0,0,0,0,0,0,0,0,0,0,0,Legionnaires' Disease,Consult pharmacist or physician,"Balanced diet, Hydration, Multivitamins","you should have a Chest X-ray and Sputum Test, and consult a Pulmonologist. Avoid water sources with bacteria."
1,1,0,0,1,0,1,0,0,0,1,1,0,0,0,1,0,0,0,0,0,0,0,0,0,0,0,0,0,0,0,0,0,0,0,0,0,0,0,0,0,0,0,0,0,0,0,0,0,0,0,0,0,0,0,0,0,0,0,0,0,0,0,0,0,0,0,0,0,0,0,0,0,Shingles,Consult pharmacist or physician,"Balanced diet, Hydration, Multivitamins","you should have a Blood Test, and see a Dermatologist. Vaccination and pain management are recommended."
1,0,0,0,1,0,1,1,0,1,0,0,1,0,0,0,0,0,0,0,0,0,0,0,0,0,0,0,0,0,0,0,0,0,0,0,0,0,0,0,0,0,0,0,0,0,0,0,0,0,0,0,0,0,0,0,0,0,0,0,0,0,0,0,0,0,0,0,0,0,0,0,0,Norovirus,Consult pharmacist or physician,"Balanced diet, Hydration, Multivitamins","you should consider a Stool Test, and consult a Gastroenterologist. Stay hydrated and maintain good hygiene."
1,0,0,0,1,0,0,1,0,0,0,0,1,0,0,0,0,0,0,0,0,0,0,0,0,0,0,0,0,0,0,0,0,0,0,0,0,0,0,0,0,0,0,0,0,0,0,0,0,0,0,0,0,0,0,0,0,0,0,0,0,0,0,0,0,0,0,0,0,0,0,0,0,Cryptosporidiosis,Consult pharmacist or physician,"Balanced diet, Hydration, Multivitamins","you should have a Stool Test, and consult a Gastroenterologist. Avoid contaminated water."
0,1,1,1,0,0,0,0,1,0,0,1,1,0,0,0,0,0,0,0,0,0,0,0,0,0,0,0,0,0,0,0,0,0,0,0,0,0,0,0,0,0,0,0,0,0,0,0,0,0,0,0,0,0,0,0,0,0,0,0,0,0,0,0,0,0,0,0,0,0,0,0,0,Giardiasis,Consult pharmacist or physician,"Balanced diet, Hydration, Multivitamins","you should get a Stool Test, and consult a Gastroenterologist. Avoid contaminated water."
0,1,0,0,0,1,0,0,1,1,0,0,1,0,1,0,0,0,0,0,1,0,0,0,0,0,0,0,0,0,0,0,0,0,0,0,0,0,0,0,0,0,0,0,0,0,0,0,0,0,0,0,0,0,0,0,0,0,0,0,0,0,0,0,0,0,0,0,0,0,0,0,0,Amoebiasis,Consult pharmacist or physician,"Balanced diet, Hydration, Multivitamins","you should consider a Stool Test, and see a Gastroenterologist. Avoid contaminated water."
0,0,0,0,1,1,1,0,1,0,0,0,0,0,0,0,0,0,0,0,0,0,0,0,0,0,0,0,0,0,0,0,0,0,0,0,0,0,0,0,0,0,0,0,0,0,0,0,0,0,0,0,0,0,0,0,0,0,0,0,0,0,0,0,0,0,0,0,0,0,0,0,0,Celiac Disease,Consult pharmacist or physician,"Balanced diet, Hydration, Multivitamins","you should have a Blood Test, and consult a Gastroenterologist. Follow a gluten-free diet."
1,0,0,1,1,0,0,1,1,0,0,1,0,0,0,0,0,0,0,0,0,0,0,0,0,0,0,0,0,0,0,0,0,0,0,0,0,0,0,0,0,0,0,0,0,0,0,0,0,0,0,0,0,0,0,0,0,0,0,0,0,0,0,0,0,0,0,0,0,0,0,0,0,Crohn's Disease,Consult pharmacist or physician,"Balanced diet, Hydration, Multivitamins","you should get a Colonoscopy, and see a Gastroenterologist. Follow an anti-inflammatory diet."
1,0,0,1,0,0,1,0,0,1,0,1,1,0,0,0,1,0,0,0,0,0,1,0,0,0,0,0,0,0,0,0,0,0,0,0,0,0,0,0,0,1,0,0,0,0,0,1,0,0,0,0,0,0,0,0,1,0,0,0,0,0,0,0,0,1,0,0,0,0,0,0,0,Multiple Sclerosis,Consult pharmacist or physician,"Balanced diet, Hydration, Multivitamins","you should consider an MRI Scan and Blood Test, and see a Neurologist. Medication and physical therapy are important."
0,1,1,0,1,0,1,1,0,1,0,1,1,0,0,0,0,1,0,0,0,0,1,0,0,0,1,0,0,0,0,0,0,0,0,0,0,0,0,0,0,0,0,0,0,0,0,0,0,0,0,0,0,0,1,0,0,0,0,0,0,0,0,0,0,0,0,0,0,0,0,0,1,Parkinson's Disease,Consult pharmacist or physician,"Balanced diet, Hydration, Multivitamins","you should have an MRI Scan and Blood Test, and consult a Neurologist. Medication and physical therapy are essential."
1,0,0,1,0,0,0,0,1,0,0,1,1,0,0,0,0,0,0,0,0,0,0,0,0,0,0,0,0,0,0,0,0,0,0,0,0,0,0,0,0,1,0,0,0,0,0,0,0,0,0,0,0,0,0,0,1,0,0,0,0,0,0,0,0,0,0,0,0,0,0,0,0,Alzheimer's Disease,Consult pharmacist or physician,"Balanced diet, Hydration, Multivitamins","consider Cognitive Tests, and consult a Neurologist. Mental exercises and a healthy diet are recommended."
1,0,1,1,1,1,1,0,1,0,0,1,1,0,0,0,0,0,0,0,0,0,0,0,0,0,0,0,0,0,0,0,0,1,0,0,0,0,0,0,0,0,0,0,0,0,0,0,0,0,1,1,0,0,0,0,0,0,0,0,0,0,1,0,0,0,0,0,0,0,0,0,0,Hemophilia,Consult pharmacist or physician,"Balanced diet, Hydration, Multivitamins","you should have Blood Tests, and see a Hematologist. Medication and avoiding injuries are crucial."
0,0,1,1,0,0,0,0,1,0,1,0,0,0,0,0,0,0,0,0,0,0,1,0,0,0,0,0,0,0,0,0,0,1,0,0,0,0,0,0,0,0,1,0,0,0,0,0,0,0,1,0,0,0,0,0,0,0,1,0,0,0,1,0,0,0,0,0,1,0,0,0,0,Sickle Cell Anemia,Consult pharmacist or physician,"Balanced diet, Hydration, Multivitamins","consider Blood Tests, and consult a Hematologist. Hydration and regular checkups are important."
0,1,1,0,0,0,0,1,1,0,0,0,0,0,0,0,0,0,0,0,0,0,0,0,0,0,0,0,0,0,0,0,0,0,0,0,0,0,0,0,0,0,0,0,0,0,0,0,0,0,0,0,0,0,0,0,0,0,0,0,0,0,0,0,0,0,0,0,0,0,0,0,0,Allergic Rhinitis,Consult pharmacist or physician,"Balanced diet, Hydration, Multivitamins",consider an Allergy Test  and consult an Allergist. Avoid allergens and use antihistamines.
0,0,0,0,0,0,0,0,0,0,0,0,0,0,0,0,0,0,0,0,1,0,0,0,0,0,0,0,0,0,0,0,0,0,0,0,0,0,0,0,0,0,0,0,0,0,0,0,0,0,0,0,0,0,0,0,0,0,0,0,0,0,0,0,0,0,1,0,0,0,0,0,0,Conjunctivitis,Consult pharmacist or physician,"Balanced diet, Hydration, Multivitamins",consider an Eye Exam  and see an Ophthalmologist. Maintain hygiene and avoid touching eyes.
1,0,1,0,1,0,0,0,0,0,0,0,0,0,1,0,0,0,0,0,0,0,0,0,0,0,0,0,0,0,0,0,0,0,0,0,0,0,0,0,0,0,0,0,0,0,0,0,0,0,0,0,0,0,0,0,0,0,0,0,0,0,0,0,0,0,0,0,0,0,0,0,0,Gout,Consult pharmacist or physician,"Balanced diet, Hydration, Multivitamins",you should have a Blood Test for Uric Acid  and consult a Rheumatologist. Avoid purine-rich foods and stay hydrated.
0,0,0,1,1,0,0,0,0,0,0,0,0,0,1,0,0,0,0,0,0,0,0,0,0,0,0,0,0,0,0,0,0,0,0,0,0,0,0,0,0,0,0,0,0,0,0,0,0,0,0,0,0,0,0,0,0,0,0,0,0,0,0,0,0,0,0,0,0,0,0,0,0,Osteoporosis,Consult pharmacist or physician,"Balanced diet, Hydration, Multivitamins",consider a Bone Density Test  and see an Endocrinologist. Ensure calcium intake and exercise regularly.
1,0,0,1,1,0,0,0,0,0,0,0,0,0,1,0,0,0,0,1,0,0,0,0,0,0,0,0,0,0,0,0,0,0,0,0,0,0,0,0,0,0,0,0,0,0,0,0,0,0,0,0,0,1,0,0,0,0,0,0,0,0,0,0,0,0,0,0,0,0,0,0,1,Rheumatoid Arthritis,Consult pharmacist or physician,"Balanced diet, Hydration, Multivitamins",you should have a Blood Test and X-ray  and consult a Rheumatologist. Medication and physical therapy are important.
0,0,0,0,0,0,0,0,0,0,0,0,0,1,0,0,0,0,0,1,0,0,0,0,0,0,0,0,0,0,0,0,0,0,0,0,0,0,0,1,0,0,0,0,0,0,0,0,0,0,0,0,0,0,0,0,0,0,0,0,0,0,0,0,0,0,0,0,0,0,0,0,0,Psoriasis,Consult pharmacist or physician,"Balanced diet, Hydration, Multivitamins",consider a Skin Biopsy  and see a Dermatologist. Use moisturizers and avoid stress.
0,0,0,0,0,0,0,0,0,0,0,0,0,1,0,0,0,0,0,0,0,0,0,0,0,0,0,0,0,0,0,0,0,0,0,0,0,0,0,0,0,0,0,0,0,0,0,0,0,0,0,0,0,0,0,0,0,0,0,0,0,0,0,0,0,0,0,0,0,0,0,0,0,Eczema,Consult pharmacist or physician,"Balanced diet, Hydration, Multivitamins",you should have a Skin Test  and consult a Dermatologist. Use hypoallergenic products and avoid irritants.
0,0,0,0,0,1,0,0,0,0,0,0,0,1,0,1,0,0,0,1,0,0,0,0,0,0,0,0,0,0,0,0,0,0,0,0,0,0,0,1,0,0,0,0,0,0,0,0,0,0,0,0,0,0,0,0,0,0,0,0,0,0,0,0,0,0,0,0,0,0,0,0,0,Anaphylaxis,Consult pharmacist or physician,"Balanced diet, Hydration, Multivitamins",consider an Allergy Test  and see an Allergist. Carry an epinephrine auto-injector and avoid allergens.
1,0,0,1,1,0,0,0,1,0,0,0,0,0,0,0,0,0,0,0,0,0,0,0,0,0,0,0,0,0,0,0,0,0,0,0,0,0,0,0,0,0,0,0,0,0,0,0,0,0,0,0,0,0,0,0,0,0,0,0,0,0,0,0,0,0,0,0,0,0,0,0,0,Mononucleosis,Consult pharmacist or physician,"Balanced diet, Hydration, Multivitamins",you should have a Blood Test  and consult a Pediatrician. Rest and stay hydrated.
1,0,0,0,0,0,0,0,1,0,0,0,0,0,0,0,1,0,0,0,0,0,0,0,0,0,0,0,0,0,0,0,0,0,0,0,0,0,0,0,0,0,0,0,0,0,0,0,0,0,0,0,0,0,0,0,0,0,0,0,0,0,0,0,0,0,0,0,0,0,0,0,0,Strep Throat,Consult pharmacist or physician,"Balanced diet, Hydration, Multivitamins",consider a Throat Culture  and see a Primary Care Physician. Maintain hygiene and complete antibiotics.
1,0,0,0,0,0,0,0,1,0,0,0,0,0,0,0,1,0,0,0,0,0,0,0,0,0,0,0,0,0,0,0,0,0,0,0,0,0,0,0,0,0,0,0,0,0,0,0,0,0,0,0,0,0,0,0,0,0,0,0,0,0,0,0,0,0,0,0,0,0,0,0,0,Tonsillitis,Consult pharmacist or physician,"Balanced diet, Hydration, Multivitamins",you should have a Throat Culture  and consult an ENT Specialist. Maintain hygiene and gargle with salt water.
1,0,0,0,0,0,1,0,0,0,1,1,0,0,0,0,0,1,0,0,0,0,0,0,0,0,0,0,0,0,0,0,0,0,0,0,0,0,0,0,0,0,0,0,0,0,0,0,0,0,0,0,0,0,0,0,0,0,0,0,0,0,0,0,0,0,0,0,0,0,0,0,0,Gastroenteritis,Consult pharmacist or physician,"Balanced diet, Hydration, Multivitamins",consider a Stool Test  and consult a Gastroenterologist. Stay hydrated and maintain hygiene.
0,0,0,0,0,0,0,0,0,0,1,0,1,0,0,0,0,1,0,0,0,0,0,0,0,0,0,0,0,0,0,0,0,0,0,0,0,0,0,0,0,0,0,0,0,0,0,0,0,0,0,1,1,0,0,0,0,0,0,0,0,0,0,0,0,0,0,0,0,0,0,0,0,Peptic Ulcer Disease,Consult pharmacist or physician,"Balanced diet, Hydration, Multivitamins",you should have an Endoscopy  and consult a Gastroenterologist. Avoid spicy foods and manage stress.
1,0,0,0,0,0,1,0,0,0,1,1,0,0,0,0,0,1,0,0,0,0,0,0,0,0,0,0,0,0,0,0,0,0,0,0,0,0,0,0,0,0,0,0,0,0,0,0,0,0,0,0,0,0,0,0,0,0,0,0,0,0,0,0,0,0,0,0,0,0,0,0,0,Appendicitis,Consult pharmacist or physician,"Balanced diet, Hydration, Multivitamins",you should have a CT Scan  and consult a Surgeon. Seek immediate medical attention.
0,0,0,0,0,0,1,0,0,0,0,0,0,0,0,0,0,1,0,0,0,0,0,0,0,0,0,0,0,0,0,0,0,0,0,0,0,0,0,0,0,0,0,0,0,0,0,0,0,0,0,0,0,0,0,0,0,0,0,0,0,0,0,0,0,0,0,0,0,0,0,0,0,Diverticulitis,Consult pharmacist or physician,"Balanced diet, Hydration, Multivitamins",you should have a CT Scan  and consult a Gastroenterologist. Follow a high-fiber diet.
0,0,0,0,1,0,0,0,0,0,0,0,0,0,0,0,0,1,0,0,0,0,0,0,0,0,0,0,0,0,0,0,0,0,0,0,0,0,0,0,0,0,0,0,0,0,0,0,0,0,0,0,0,0,0,0,0,0,0,0,0,0,0,0,0,0,0,0,0,0,0,0,0,Kidney Stones,Consult pharmacist or physician,"Balanced diet, Hydration, Multivitamins",consider a CT Scan  and consult a Urologist. Stay hydrated and reduce salt intake.
1,0,0,0,0,0,0,0,0,0,0,0,0,0,0,0,0,1,0,0,0,1,0,0,0,0,0,0,0,0,0,0,0,0,0,0,0,0,0,0,0,0,0,0,0,0,0,0,0,0,0,0,0,0,0,0,0,0,0,0,0,0,0,0,0,0,0,0,0,0,0,0,0,Urinary Tract Infection,Consult pharmacist or physician,"Balanced diet, Hydration, Multivitamins",you should have a Urine Test  and consult a Urologist. Stay hydrated and maintain hygiene.
0,0,0,1,0,0,0,0,0,0,0,0,0,0,0,0,0,0,0,0,0,1,1,0,0,0,0,0,0,0,0,0,0,1,0,0,0,0,0,0,0,0,0,0,0,0,0,1,0,0,1,0,0,0,0,0,0,0,0,0,0,0,0,0,0,1,0,0,1,0,0,0,0,Chronic Kidney Disease,Consult pharmacist or physician,"Balanced diet, Hydration, Multivitamins",consider a Blood Test and Ultrasound  and consult a Nephrologist. Monitor blood pressure and follow a low-salt diet.
1,0,0,1,0,0,0,0,0,0,0,0,0,0,0,0,0,0,0,0,0,1,1,0,0,0,0,0,0,0,0,0,0,0,0,1,1,0,0,0,0,0,0,0,0,0,0,0,0,0,0,0,0,0,0,0,0,0,0,0,0,0,0,0,0,0,0,0,0,0,0,0,0,Type 1 Diabetes,Consult pharmacist or physician,"Balanced diet, Hydration, Multivitamins",you should have a Blood Glucose Test  and consult an Endocrinologist. Monitor blood sugar and follow a balanced diet.
0,0,0,1,0,0,0,0,0,0,0,0,0,0,0,0,0,0,0,0,0,1,1,0,0,0,0,0,0,0,0,0,0,0,0,1,1,0,0,0,0,0,0,0,0,0,0,0,0,0,0,0,0,0,0,0,0,0,0,0,0,0,0,0,0,0,0,0,0,0,0,0,0,Type 2 Diabetes,Consult pharmacist or physician,"Balanced diet, Hydration, Multivitamins",consider a Blood Glucose Test  and consult an Endocrinologist. Maintain a healthy weight and exercise regularly.
0,0,0,1,0,0,0,0,0,0,0,0,0,0,0,0,0,0,0,0,0,0,1,0,0,0,0,0,0,0,0,0,0,0,0,0,0,0,0,0,1,0,0,0,0,0,0,0,0,0,0,0,0,0,0,0,0,0,0,1,0,0,0,0,0,0,0,0,0,0,1,0,0,Hypothyroidism,Consult pharmacist or physician,"Balanced diet, Hydration, Multivitamins",you should have a Thyroid Function Test  and consult an Endocrinologist. Take prescribed medication and monitor symptoms.
1,0,0,0,0,0,0,0,0,0,0,0,0,0,0,1,0,0,0,0,0,0,0,0,0,0,0,0,0,0,1,0,0,0,0,0,0,0,0,0,0,0,0,0,0,0,0,0,0,1,0,0,0,0,0,0,0,0,0,0,1,0,0,0,0,0,0,0,0,0,0,0,0,Hyperthyroidism,Consult pharmacist or physician,"Balanced diet, Hydration, Multivitamins",consider a Thyroid Function Test  and consult an Endocrinologist. Avoid iodine-rich foods and manage stress.
0,0,0,1,0,0,0,0,0,0,0,0,0,0,0,0,0,0,0,1,0,0,1,0,0,0,0,0,0,0,0,0,0,0,0,0,0,0,0,0,0,0,0,0,0,0,0,0,0,0,0,0,0,0,0,0,0,0,0,0,0,0,0,0,0,0,0,0,0,0,0,0,0,Cushing's Syndrome,Consult pharmacist or physician,"Balanced diet, Hydration, Multivitamins",you should have a Cortisol Test  and consult an Endocrinologist. Monitor symptoms and follow medical advice.
1,0,0,1,0,0,0,0,0,0,0,0,0,0,0,0,0,0,1,0,0,0,0,0,0,0,0,0,0,0,0,0,0,0,0,0,0,0,0,0,0,0,0,0,0,0,0,0,0,0,0,0,0,0,0,0,0,0,0,0,0,0,0,0,0,0,0,0,0,0,0,0,0,Addison's Disease,Consult pharmacist or physician,"Balanced diet, Hydration, Multivitamins",consider a Cortisol Test  and consult an Endocrinologist. Take prescribed medication and manage stress.
0,0,0,0,1,0,0,0,0,0,0,0,1,0,0,0,0,0,0,1,0,0,0,0,0,0,0,0,0,0,0,0,0,0,0,0,0,0,0,0,0,0,0,0,0,0,0,0,0,0,0,0,0,0,0,0,0,0,0,0,0,0,0,0,0,0,0,0,0,0,0,0,0,Breast Cancer,Consult pharmacist or physician,"Balanced diet, Hydration, Multivitamins",you should have a Mammogram  and consult an Oncologist. Regular screenings and a healthy lifestyle are recommended.
0,0,0,0,0,0,0,0,0,0,0,0,0,0,0,0,0,1,0,0,0,0,0,0,0,0,0,0,0,0,0,0,0,0,0,0,0,0,0,0,0,0,0,0,0,0,0,0,0,0,0,0,0,0,0,0,0,0,0,0,0,0,0,0,0,0,0,0,0,0,0,0,0,Prostate Cancer,Consult pharmacist or physician,"Balanced diet, Hydration, Multivitamins",consider a PSA Test  and consult an Oncologist. Regular screenings and a healthy diet are important.
0,0,0,0,0,0,1,0,0,0,0,0,0,0,0,0,0,1,0,0,0,0,1,0,0,0,0,0,0,0,0,0,0,0,0,0,0,0,0,0,0,0,0,0,0,0,0,0,0,0,0,1,0,0,0,0,0,0,0,0,0,0,1,0,0,0,0,0,1,0,0,0,0,Colorectal Cancer,Consult pharmacist or physician,"Balanced diet, Hydration, Multivitamins",you should have a Colonoscopy  and consult an Oncologist. Regular screenings and a high-fiber diet are recommended.
0,0,0,0,0,0,0,0,0,0,0,0,0,1,0,0,0,0,0,0,0,0,0,0,0,0,0,0,0,0,0,0,0,0,0,0,0,0,0,0,0,0,0,0,0,0,0,0,0,0,0,0,0,0,0,0,0,0,0,0,0,0,0,0,0,0,0,0,0,0,0,0,0,Skin Cancer (Melanoma),Consult pharmacist or physician,"Balanced diet, Hydration, Multivitamins",consider a Skin Biopsy  and see a Dermatologist. Use sunscreen and avoid excessive sun exposure.
1,0,0,1,0,0,0,0,0,0,0,0,0,0,0,0,1,0,0,0,0,0,1,0,0,0,0,0,0,0,0,0,0,1,0,0,0,0,0,0,0,0,1,0,0,0,0,0,0,0,1,0,0,0,0,0,0,0,0,0,0,1,1,0,0,0,0,0,1,0,0,0,0,Leukemia,Consult pharmacist or physician,"Balanced diet, Hydration, Multivitamins",you should have a Blood Test and Bone Marrow Biopsy  and consult an Oncologist. Regular checkups and a healthy lifestyle are important.
1,0,0,1,0,0,0,0,0,0,0,0,0,0,0,0,1,0,0,1,0,0,0,1,0,0,0,0,0,1,0,0,0,1,0,0,0,0,0,1,0,0,0,0,0,0,0,0,0,0,0,0,0,0,0,0,0,0,0,0,0,0,1,0,0,0,0,0,1,0,0,0,0,Lymphoma,Consult pharmacist or physician,"Balanced diet, Hydration, Multivitamins",you should have a Lymph Node Biopsy  and consult an Oncologist. Regular checkups and avoiding infections are recommended.
0,0,0,1,1,0,0,0,0,0,0,0,0,0,1,0,0,0,0,0,0,0,0,0,0,0,0,0,0,0,0,0,0,0,0,0,0,0,0,0,0,0,0,0,0,0,0,0,0,0,0,0,0,0,0,0,0,0,0,0,0,0,0,0,0,0,0,0,0,0,0,0,0,Fibromyalgia,Consult pharmacist or physician,"Balanced diet, Hydration, Multivitamins",you should have a Blood Test  and consult a Rheumatologist. Manage stress and maintain a healthy lifestyle.
0,0,0,1,0,0,0,0,0,0,0,0,0,0,0,0,0,0,1,0,0,0,0,0,0,0,0,0,0,0,0,0,0,0,0,0,0,0,0,0,0,0,0,0,0,0,0,0,0,0,0,0,0,0,0,0,0,0,0,0,0,0,0,0,0,0,0,0,0,0,0,0,0,Chronic Fatigue Syndrome,Consult pharmacist or physician,"Balanced diet, Hydration, Multivitamins",consider a Blood Test  and consult a General Practitioner. Ensure adequate rest and manage stress.
0,0,0,0,1,0,0,0,0,0,0,0,0,0,0,0,0,1,0,0,0,0,0,0,0,0,0,0,0,0,0,0,0,0,0,0,0,0,0,0,0,0,0,0,0,0,0,0,0,0,0,0,0,0,0,0,0,0,0,0,0,0,0,0,0,0,0,0,0,0,0,0,0,Endometriosis,Consult pharmacist or physician,"Balanced diet, Hydration, Multivitamins",you should have a Pelvic Ultrasound  and consult a Gynecologist. Manage pain and consider hormonal therapy.
0,0,0,0,0,0,0,0,0,0,0,0,0,0,0,0,0,1,0,0,0,0,1,0,0,0,0,0,0,0,0,0,0,0,0,0,0,0,0,0,0,0,0,0,0,0,0,0,0,0,0,0,0,0,0,0,0,0,0,0,0,0,0,0,0,0,0,0,0,0,0,0,0,Polycystic Ovary Syndrome,Consult pharmacist or physician,"Balanced diet, Hydration, Multivitamins",consider a Pelvic Ultrasound and Blood Test  and consult a Gynecologist. Maintain a healthy weight and diet.
0,0,0,0,0,0,0,0,0,0,0,0,0,0,0,0,0,0,0,0,1,0,0,0,0,0,0,0,0,0,0,0,0,0,0,0,0,0,0,0,0,0,0,0,0,0,0,0,0,0,0,0,0,0,0,0,0,0,0,0,0,0,0,0,0,0,0,0,0,0,0,0,0,Glaucoma,Consult pharmacist or physician,"Balanced diet, Hydration, Multivitamins",you should have an Eye Exam  and consult an Ophthalmologist. Regular screenings and medication are important.
0,0,0,0,0,0,0,0,0,0,0,0,0,0,0,0,0,0,0,0,1,0,0,0,0,0,0,0,0,0,0,0,0,0,0,0,0,0,0,0,0,0,0,0,0,0,0,0,0,0,0,0,0,0,0,0,0,0,0,0,0,0,0,0,0,0,0,0,0,0,0,0,0,Cataracts,Consult pharmacist or physician,"Balanced diet, Hydration, Multivitamins",consider an Eye Exam  and consult an Ophthalmologist. Protect eyes from UV light and regular screenings.
0,0,1,0,0,0,0,0,0,0,0,0,0,0,0,1,0,0,1,0,0,0,0,0,0,0,0,0,0,0,0,1,0,0,0,0,0,1,0,0,0,0,0,0,0,0,0,0,0,0,0,0,0,0,0,1,0,0,0,0,0,0,0,0,0,0,0,0,0,0,0,0,0,Stroke,Consult pharmacist or physician,"Balanced diet, Hydration, Multivitamins",you should have a CT Scan and MRI  and consult a Neurologist. Manage blood pressure and maintain a healthy lifestyle.
0,0,0,0,0,0,0,0,0,0,0,0,0,0,0,1,0,0,1,0,0,0,0,0,0,0,1,1,0,0,0,0,0,0,0,0,0,0,0,0,0,0,0,0,0,0,0,0,0,0,0,0,0,0,0,0,0,0,0,0,0,0,0,0,0,0,0,0,0,0,0,0,0,Epilepsy,Consult pharmacist or physician,"Balanced diet, Hydration, Multivitamins",consider an EEG and MRI  and consult a Neurologist. Take prescribed medication and avoid triggers.
0,0,0,0,1,0,0,0,0,0,0,0,0,0,1,0,0,0,0,0,0,0,0,0,0,0,0,0,0,0,0,0,0,0,0,0,0,0,0,0,0,0,0,0,0,0,0,0,0,0,0,0,0,1,0,0,0,0,0,0,0,0,0,0,0,0,0,0,0,0,0,0,1,Osteoarthritis,Consult pharmacist or physician,"Balanced diet, Hydration, Multivitamins",you should have an X-ray  and consult a Rheumatologist. Maintain a healthy weight and exercise regularly.
1,0,0,0,0,0,1,0,0,0,1,1,1,0,0,0,0,1,0,0,0,0,0,0,0,0,0,0,0,0,0,0,0,0,0,0,0,0,0,0,0,0,0,0,0,0,0,0,0,0,0,0,0,0,0,0,0,0,0,0,0,0,0,0,0,0,0,0,0,0,0,0,0,Pancreatitis,Consult pharmacist or physician,"Balanced diet, Hydration, Multivitamins",you should have a CT Scan and Blood Test  and consult a Gastroenterologist. Avoid alcohol and follow a low-fat diet.
1,0,0,1,0,0,0,0,0,0,1,0,0,0,0,0,0,0,0,0,0,0,1,0,0,0,0,0,0,0,0,0,0,1,0,0,0,0,0,1,0,0,0,0,0,0,0,0,0,0,0,0,0,0,0,0,0,0,0,0,0,0,1,0,0,0,0,0,1,0,0,0,0,Cirrhosis,Consult pharmacist or physician,"Balanced diet, Hydration, Multivitamins",consider a Liver Function Test  and consult a Gastroenterologist. Avoid alcohol and maintain a healthy diet.
0,0,0,0,0,1,0,0,0,0,0,0,1,0,0,1,0,0,0,0,0,0,0,0,0,0,0,0,0,0,0,0,0,0,0,0,0,0,0,0,0,0,0,1,0,0,0,0,0,0,0,0,0,0,0,0,0,0,0,0,0,0,0,0,0,1,0,0,0,0,0,0,0,Atrial Fibrillation,Consult pharmacist or physician,"Balanced diet, Hydration, Multivitamins",you should have an ECG  and consult a Cardiologist. Manage stress and avoid caffeine.
0,0,0,0,0,0,0,0,0,0,0,0,0,0,0,0,0,0,0,1,0,0,0,0,0,0,0,0,0,0,0,0,0,0,0,0,0,0,0,0,0,0,0,0,0,0,0,0,0,0,0,0,0,0,0,0,0,0,0,0,0,0,0,0,0,0,0,0,0,0,0,0,0,Deep Vein Thrombosis,Consult pharmacist or physician,"Balanced diet, Hydration, Multivitamins",consider an Ultrasound  and consult a Vascular Specialist. Stay active and avoid prolonged immobility.
0,0,0,0,0,0,0,0,0,0,1,1,0,0,0,0,0,1,0,0,0,0,0,0,0,0,0,0,0,0,0,0,0,0,0,0,0,0,0,0,0,0,0,0,0,0,0,0,0,0,0,0,0,0,0,0,0,0,0,0,0,0,0,0,0,0,0,0,0,0,0,0,0,Gallstones,Consult pharmacist or physician,"Balanced diet, Hydration, Multivitamins",you should have an Ultrasound or CT Scan  and consult a Gastroenterologist. Maintain a healthy diet and avoid high-fat foods.
0,0,0,0,0,0,0,0,0,0,1,1,0,0,0,0,0,0,0,0,0,0,0,0,0,0,0,0,0,0,0,0,0,0,0,0,0,0,0,0,0,0,0,0,0,0,0,0,0,0,0,0,0,0,0,0,0,0,0,0,0,0,0,0,0,0,0,1,0,0,0,0,0,Meniere's disease,Consult pharmacist or physician,"Balanced diet, Hydration, Multivitamins","avoiding triggers like stress, loud noises, and weather changes, following a low-sodium diet, limiting caffeine and alcohol, and considering medications as prescribed by a doctor"
0,1,0,0,0,0,0,0,0,0,0,0,0,0,0,0,0,0,0,0,0,0,0,0,0,0,0,0,0,0,0,0,1,0,0,0,0,0,0,0,0,0,0,0,0,0,0,0,0,0,0,0,0,0,0,0,0,0,0,0,0,0,0,0,0,0,0,0,0,0,0,0,0,Dysphagia,Consult pharmacist or physician,"Balanced diet, Hydration, Multivitamins","maintaining an upright posture during meals, taking small bites and chewing thoroughly, avoiding distractions, and potentially using thickened liquids"
1,0,0,0,0,0,0,0,1,0,0,0,0,0,0,0,0,0,0,0,0,0,0,0,0,0,0,0,0,0,0,0,1,0,0,0,0,0,0,0,0,0,0,0,0,0,0,0,0,0,0,0,0,0,0,0,0,0,0,0,0,0,0,0,0,0,0,0,0,0,0,0,0,Tonsillitis,Consult pharmacist or physician,"Balanced diet, Hydration, Multivitamins","Throat Culture, consult an ENT Specialist,Maintain hygiene and gargle with salt water"
